PC1,PC2,PC3,PC4,PC5,PC6,PC7,PC8,PC9,PC10,PC11,PC12,PC13,PC14,PC15,PC16,PC17,PC18,PC19,PC20,PC21,PC22,PC23,PC24,PC25,PC26,PC27,PC28,PC29,PC30,PC31,PC32,PC33,PC34,PC35,PC36,PC37,PC38,PC39,PC40,PC41,PC42,PC43
1.0,0.03054665730180417,0.0,0.9999999999999998,1.0,0.07805085452702443,0.9999999999999998,0.7800023803604543,0.0,0.62693382719307,0.0,0.5588755247768715,1.0,0.6590782415512884,0.7648206748809918,0.5916898425185864,0.8437691496177058,0.9066938838611986,0.9999999999999999,0.7137570330422296,0.2780410586388107,0.1603788854749002,0.0,0.854685379786814,0.4733264191965093,0.641480416821125,0.5282232946110637,0.26115241288608815,0.56084687501262,0.0,0.29929632558344976,0.5569243831961738,0.45245314445185936,0.23666366673904848,0.3874156591604783,0.6427509873378712,0.7674485626939391,0.02529434047471557,0.42473757382894606,0.6759789000044687,0.322485247451615,0.13079688599696992,0.7587375212906637
